ID,商户名称,订单号,日期,付款人,产品,金额,确认码,手续费,应结算,支付截图,承运商,运单号,订单状态
4,John,3,2024/11/21,John Hann,Shoes,$200.00 ,UUhyeb763U,8.00%,$184.00 ,<img class="img-sm img-center" data-tips-image="" src="http://fastadmin.com/uploads/20241121/11ca18118e1ee6f061f3789c2d4cc3b3.jpg">,USPS,8.76476E+13,<span class="text-danger"><i class="fa fa-circle"></i> 未确认</span>
5,John,2,2024/10/2,John Hann,Jersey,$315.00 ,HHhyeb763U,8.00%,$289.80 ,<img class="img-sm img-center" data-tips-image="" src="http://fastadmin.com/uploads/20241121/11ca18118e1ee6f061f3789c2d4cc3b3.jpg">,USPS,8.76476E+13,<span class="text-success"><i class="fa fa-circle"></i> 已入账</span>
6,John,1,2024/11/21,John Hann,Shoes,$256.00 ,UUhyeb763U,8.00%,$235.52 ,<img class="img-sm img-center" data-tips-image="" src="http://fastadmin.com/uploads/20241121/74c3a532f9eb84607ce1fcc860a75165.jpg">,USPS,8.76476E+13,<span class="text-danger"><i class="fa fa-circle"></i> 未确认</span>
7,John,1,2024/11/21,John Hann,Shoes,$256.00 ,UUhyeb763U,8.00%,$235.52 ,<img class="img-sm img-center" data-tips-image="" src="http://fastadmin.com/uploads/20241121/74c3a532f9eb84607ce1fcc860a75165.jpg">,USPS,8.76476E+13,<span class="text-danger"><i class="fa fa-circle"></i> 未确认</span>
8,John,1,2024/11/21,John Hann,Shoes,$256.00 ,UUhyeb763U,8.00%,$235.52 ,<img class="img-sm img-center" data-tips-image="" src="http://fastadmin.com/uploads/20241121/74c3a532f9eb84607ce1fcc860a75165.jpg">,USPS,8.76476E+13,<span class="text-danger"><i class="fa fa-circle"></i> 未确认</span>
9,John,1,2024/11/21,John Hann,Shoes,$256.00 ,UUhyeb763U,8.00%,$235.52 ,<img class="img-sm img-center" data-tips-image="" src="http://fastadmin.com/uploads/20241121/74c3a532f9eb84607ce1fcc860a75165.jpg">,USPS,8.76476E+13,<span class="text-danger"><i class="fa fa-circle"></i> 未确认</span>
10,John,1,2024/11/21,John Hann,Shoes,$256.00 ,UUhyeb763U,8.00%,$235.52 ,<img class="img-sm img-center" data-tips-image="" src="http://fastadmin.com/uploads/20241121/74c3a532f9eb84607ce1fcc860a75165.jpg">,USPS,8.76476E+13,<span class="text-danger"><i class="fa fa-circle"></i> 未确认</span>
11,John,1,2024/11/21,John Hann,Shoes,$256.00 ,UUhyeb763U,8.00%,$235.52 ,<img class="img-sm img-center" data-tips-image="" src="http://fastadmin.com/uploads/20241121/74c3a532f9eb84607ce1fcc860a75165.jpg">,USPS,8.76476E+13,<span class="text-danger"><i class="fa fa-circle"></i> 未确认</span>
12,John,1,2024/11/21,John Hann,Shoes,$256.00 ,UUhyeb763U,8.00%,$235.52 ,<img class="img-sm img-center" data-tips-image="" src="http://fastadmin.com/uploads/20241121/74c3a532f9eb84607ce1fcc860a75165.jpg">,USPS,8.76476E+13,<span class="text-danger"><i class="fa fa-circle"></i> 未确认</span>
